id,name,reaction_count,associated_reactions
BSU36850,atpF,1,ATPS4r
BSU07840,yfkN,18,"23CN2P4, NTD9, NTD4, 3NUCLE4, NTD6, NTD3, 3NUCLE3, 23CN2P3, 3NUCLE2, 23CN2P2, 3NUCLE1, NTD8, 23CN2P1, NTD2, NTD10, NTD7, NTD1, NTD5"
BSU16730,spoVFA,1,26DPAi
BSU16740,spoVFB,1,26DPAi
BSU36830,atpA,1,ATPS4r
BSU36800,atpC,1,ATPS4r
BSU36820,atpG,1,ATPS4r
BSU36860,atpE,1,ATPS4r
BSU33310,fhuB,2,"FERXAabc, FERRICHabc"
BSU36870,atpB,1,ATPS4r
BSU36880,atpI,1,ATPS4r
BSU30820,menD,2,"OXGDC, 2S6HCCi"
BSU31060,gbsA,1,BETALDHx
BSU39260,bglH,3,"BG_MADG, BG_CELLB, BG_MBDG"
BSU06310,gabP,3,"3AMBAt2, BALAt2r, ABUTt2r"
BSU07490,yfmF,1,FERRICHabc
BSU19350,yocS,1,BILEt4
BSU39610,yxeB,1,FERXAabc
BSU38040,sacA,2,"RAFH, FFSD"
BSU39380,hutG,1,FGLU_1
BSU07830,nfsB,1,FLVR_1
BSU38110,nfrAA,2,"FLVR_1, FMNRy"
BSU02090,ybxI,1,BLACT
BSU03860,nfrAB,1,FLVR_1
BSU03040,amyE,1,AAMYL_1
BSU18800,penP,1,BLACT
BSU38560,licH,3,"AB6PGH, S6PG, BGLA1"
BSU06240,bdhA,1,BTDD_RR
BSU40110,bglA,3,"AB6PGH, S6PG, BGLA1"
BSU30200,bioB,1,BTS_1
BSU24070,buk,1,BUTKr
BSU03900,gabT,1,ABTA
BSU39860,aldX,27,"ALDD31_1, ALDD10, ALDD11, ALDD6, ALDD20x_1, ALDD13, ALDD2x, ALDD3, ALDD15, ALDD9, ALDD32, GLXO1, ALDD17, ABUTD, ALDD1, LCADi, ALDD12, GLYALDDr, ALDD5, ALDD18, ALDD8, ALDD14, GCALDD, ALDD4x, ALDD7, ALDD16, ALDD4"
BSU38830,aldY,27,"ALDD31_1, ALDD10, ALDD11, ALDD6, ALDD20x_1, ALDD13, ALDD2x, ALDD3, ALDD15, ALDD9, ALDD32, GLXO1, ALDD17, ABUTD, ALDD1, LCADi, ALDD12, GLYALDDr, ALDD5, ALDD18, ALDD8, ALDD14, GCALDD, ALDD4x, ALDD7, ALDD16, ALDD4"
BSU19310,dhaS,27,"ALDD31_1, ALDD10, ALDD11, ALDD6, ALDD20x_1, ALDD13, ALDD2x, ALDD3, ALDD15, ALDD9, ALDD32, GLXO1, ALDD17, ABUTD, ALDD1, LCADi, ALDD12, GLYALDDr, ALDD5, ALDD18, ALDD8, ALDD14, GCALDD, ALDD4x, ALDD7, ALDD16, ALDD4"
BSU32830,fadA,7,"ACACT6r_1, ACACT2r, ACACT7r, ACACT3r, MACCOAT, ACACT4r, ACACT5r_1"
BSU15720,defA,1,FMETDF
BSU15730,fmt,1,FMETTRS_1
BSU16670,ribC,2,"FMNAT, RBFK"
BSU27200,yrhG,1,FORt2
BSU06170,ydjE,1,HEX7
BSU05860,gmuE,1,HEX7
BSU08850,ssuC,9,"TAURabc, BUTSabc, LCYSTabc, MSO3abc, ETHSabc, HEXSabc, SULAabc, ISTNTabc, MOPSabc"
BSU14400,fruA,1,FRUpts
BSU24170,mmgA,1,ACACT1r
BSU24340,accC,1,ACCOAC
BSU29200,accA,1,ACCOAC
BSU22440,birA,1,ACCOAC
BSU24350,accB,1,ACCOAC
BSU29210,accD,1,ACCOAC
BSU13910,ptsI,12,"GAMpts, MNLpts, MANpts, TREpts, ARBTpts, GLCpts, ACGApts, FRUpts, SALCpts, CELBpts, SUCpts, MALTpts"
BSU13900,ptsH,12,"GAMpts, MNLpts, MANpts, TREpts, ARBTpts, GLCpts, ACGApts, FRUpts, SALCpts, CELBpts, SUCpts, MALTpts"
BSU08840,ssuA,9,"TAURabc, BUTSabc, LCYSTabc, MSO3abc, ETHSabc, HEXSabc, SULAabc, ISTNTabc, MOPSabc"
BSU27070,levD,1,FRUpts
BSU27040,levG,1,FRUpts
BSU08830,ssuB,9,"TAURabc, BUTSabc, LCYSTabc, MSO3abc, ETHSabc, HEXSabc, SULAabc, ISTNTabc, MOPSabc"
BSU27050,levF,1,FRUpts
BSU27060,levE,1,FRUpts
BSU07700,nagP,1,ACGApts
BSU15650,yloB,1,CA2abc1
BSU39050,katE,1,CAT
BSU13110,purU,1,FTHFD
BSU08820,katA,1,CAT
BSU38630,katX,1,CAT
BSU11210,argB,1,ACGK
BSU11200,argJ,2,"ACGS, ORNTAC_1"
BSU07920,yfkE,1,CAt4
BSU33040,fumC,1,FUM
BSU33170,yvrB,1,CBL2abc
BSU33180,yvrC,1,CBL2abc
BSU04470,dctP,3,"FUMt2r, SUCCt2r, MALt2r"
BSU36010,alsS,2,"ACLS, ACHBS"
BSU33160,yvrA,1,CBL2abc
BSU03930,gdh,1,G1Dx
BSU15510,pyrAA,1,CBPS
BSU28300,ilvH,2,"ACLS, ACHBS"
BSU28310,ilvB,2,"ACLS, ACHBS"
BSU11230,carA,1,CBPS
BSU15520,pyrAB,1,CBPS
BSU29470,ackA,2,"PPAKr, ACKr"
BSU11240,carB,1,CBPS
BSU36000,alsD,1,ACLDC
BSU33490,copB,1,CD2abc1
BSU24150,mmgC,7,"ACOAD3, ACOAD6, ACOAD2, ACOAD1, ACOAD4_1, ACOAD5_1, ACOAD7"
BSU13850,zosA,1,CD2abc1
BSU26650,czcD,2,"CD2t4, ZN2t4"
BSU18260,yngJ,3,"ACOADH2, ACOAD1, ACOAD20"
BSU16920,pgsA,1,CDGPT_BS
BSU04520,ydbM,3,"ACOADH2, ACOAD1, ACOAD20"
BSU02270,pssA,1,CDPDSP_BS
BSU37170,acdA,7,"ACOAD3, ACOAD6, ACOAD2, ACOAD1, ACOAD4_1, ACOAD5_1, ACOAD7"
BSU00460,ispE,1,CDPMEK
BSU32820,fadE,3,"ACOADH2, ACOAD1, ACOAD20"
BSU15350,thiQ,1,ACODA_1
BSU18000,citB,1,ACONT
BSU11220,argD,1,ACOTA
BSU04620,acpS,1,ACPS1
BSU19230,rtbJ,1,ACPpds
BSU00500,gcaD,2,"G1PACT, UAGDP"
BSU38580,licC,1,CELBpts
BSU05830,gmuC,1,CELBpts
BSU29680,acsA,2,"ACS2, ACS"
BSU05820,gmuA,1,CELBpts
BSU29710,acuC,1,ACTD2
BSU34550,mdxM,2,"G1PPDM, PGMT_B"
BSU38590,licB,1,CELBpts
BSU29700,acuB,1,ACTD2
BSU05810,gmuB,1,CELBpts
BSU38390,ywbA,1,CELBpts
BSU08070,acoB,1,ACTD2
BSU29690,acuA,1,ACTD2
BSU08710,gsaB,1,G1SAT
BSU38570,licA,1,CELBpts
BSU08090,acoL,1,ACTD2
BSU30240,bioW,1,CHCOAL
BSU33710,opuBC,1,CHLabc
BSU08060,acoA,1,ACTD2
BSU28120,hemL,1,G1SAT
BSU33700,opuBD,1,CHLabc
BSU08080,acoC,1,ACTD2
BSU33730,opuBA,1,CHLabc
BSU35740,tagD,1,G3PCT
BSU33720,opuBB,1,CHLabc
BSU31050,gbsB,1,CHOLD2
BSU30440,ytrC,2,"ACTNabc1, ACTNabc"
BSU27910,yszB,1,CHORM
BSU30430,ytrD,2,"ACTNabc1, ACTNabc"
BSU30450,ytrB,2,"ACTNabc1, ACTNabc"
BSU22830,gpsA,1,G3PD1ir
BSU22690,aroH,1,CHORM
BSU30410,ytrF,2,"ACTNabc1, ACTNabc"
BSU29750,aroX,2,"DDPA, CHORM"
BSU30420,ytrE,2,"ACTNabc1, ACTNabc"
BSU09300,glpD,1,G3PD4
BSU22710,aroF,1,CHORS
BSU07610,citM,8,"CITt10, CITt11, ICITt10, CITt15, CITt13, CITt12, CITt14, ICITt2"
BSU13130,proA,1,G5SD
BSU39060,citH,1,CITt14
BSU02360,nagBB,1,G6PDA
BSU00140,dck,3,"DADNK, ADNK1, ADADir"
BSU26860,yraO,1,CITt2r
BSU00760,pabC,1,ADCL
BSU35020,nagBA,1,G6PDA
BSU38770,cimH,2,"CITt2r, MALt2r"
BSU00740,pabB,1,ADCS
BSU00750,pabA,2,"ADCS, ANS"
BSU37240,ywiE,1,CLPNS2_BS
BSU23850,zwf,1,G6PDH2r
BSU37190,clsB,1,CLPNS2_BS
BSU36590,clsA,1,CLPNS2_BS
BSU14520,adeC,1,ADD
BSU09840,hemZ,1,CPPPGO
BSU25500,hemN,1,CPPPGO
BSU01370,adk,3,"ADK1, ADK2, DADK"
BSU31350,pgi,2,"PGI, G6PI"
BSU36130,ywrA,1,CRO4t3
BSU36120,ywrB,1,CRO4t3
BSU09440,citA,1,CS
BSU29010,speD,1,ADMDC
BSU29140,citZ,1,CS
BSU38710,yxlA,6,"ADNt2, INSt2, DADNt2, GSNt2, CSNt2, XTSNt2"
BSU02510,garD,1,GALCTD_1
BSU02480,gudP,2,"GLCRt2r, GALCTRt2"
BSU37150,pyrG,2,"CTPS1, CTPS2"
BSU14900,ctaD,1,CYOO3
BSU38200,galK,1,GALKr
BSU14190,dapL,1,ADPDA
BSU14910,ctaE,1,CYOO3
BSU14920,ctaF,1,CYOO3
BSU30300,melA,4,"GALS4, GALS2, GALS1, GALS3"
BSU14890,ctaC,1,CYOO3
BSU38190,galT,1,GALT
BSU22540,qcrC,1,CYOR3m
BSU35670,gtaB,1,GALUi
BSU22560,qcrA,1,CYOR3m
BSU23610,nudF,1,ADPRDP
BSU22550,qcrB,1,CYOR3m
BSU27250,mccB,2,"TRPAS1, CYSTGL"
BSU11880,metC,1,CYSTL
BSU27610,apt,1,ADPT
BSU12360,exuT,2,"GALURt2r, GLCURt2r"
BSU27260,mccA,1,CYSTS
BSU38750,cydB,1,CYTB_B2
BSU15600,cysC,1,ADSK
BSU30710,ythA,1,CYTB_B2
BSU02350,gamP,1,GAMpts
BSU30720,ythB,1,CYTB_B2
BSU33940,gapA,1,GAPD
BSU06440,purB,2,"ADSL2r, ADSL1r"
BSU38760,cydA,1,CYTB_B2
BSU38160,qoxB,1,CYTB_B3
BSU29020,gapB,1,GAPDi_nadp
BSU38140,qoxD,1,CYTB_B3
BSU38170,qoxA,1,CYTB_B3
BSU38150,qoxC,1,CYTB_B3
BSU06510,purN,1,GARFT
BSU25300,cdd,2,"CYTD, DCYTD"
BSU02230,purT,1,GART
BSU27330,udk,6,"CYTDK2, CYTDK1, ITCY, URIK1, URIK2, URIK3"
BSU30980,glgB,1,GBEZY
BSU39020,nupG,4,"URIt2, CYTDt2, DCYTt2, THMDt2"
BSU39410,nupC,4,"URIt2, CYTDt2, DCYTt2, THMDt2"
BSU01780,glmS,1,GF6PTA
BSU40420,purA,1,ADSS
BSU32180,yutK,4,"URIt2, CYTDt2, DCYTt2, THMDt2"
BSU18410,ggt,1,GGTAe2
BSU22890,cmk,4,"URIDK2r_copy1, CYTK2, CYTK1, UMPK"
BSU36900,glyA,1,GHMT2r
BSU35010,nagA,1,AGDC
BSU20250,mtbP,1,CYTOM
BSU37490,speB,1,AGMT
BSU40070,gntP,1,GLCNt2ir
BSU03950,ycnJ,1,Cut1
BSU19520,yojA,1,GLCNt2ir
BSU30940,glgP,1,GLCP
BSU02490,gudD,1,GLCRD_1
BSU09540,plsC,1,AGPATr_BS
BSU11190,argC,1,AGPR
BSU27270,mtnN,2,"AHCYSNS, MTAN"
BSU33500,copA,1,Cut1
BSU08790,thiC,1,AHMMPS_1
BSU00730,cysK,4,"SLCYSS, AHSERL4, AHSERL3, CYSS_2"
BSU30950,glgA,1,GLCS1
BSU02460,ycbC,1,D4DGCD
BSU13890,ptsG,1,GLCpts
BSU06520,purH,2,"IMPC, AICART"
BSU12920,dppA,1,DAAOP
BSU06420,purE,1,AIRC1
BSU06430,purK,1,AIRC1
BSU10520,glcP,2,"GLCt2, MANt2"
BSU30960,glgD,1,GLGC
BSU25310,dgkA,1,DAGK_BS
BSU30970,glgC,1,GLGC
BSU11670,thiO,3,"DALAOX, GLYO1, SARCOX"
BSU17460,glnA,1,GLNS
BSU14610,pdhD,2,"AKGDH, PDH"
BSU23380,lysA,1,DAPDC
BSU19370,odhA,1,AKGDH
BSU19360,odhB,1,AKGDH
BSU32170,dapF,1,DAPE
BSU27460,glnP,1,GLNabc
BSU27430,glnQ,1,GLNabc
BSU23260,ribAB,2,"DB4PS, GTPCII"
BSU03610,tcyA,1,GLNabc
BSU18540,yoaB,1,AKGt2r
BSU30210,bioD,1,DBTS
BSU27450,glnM,1,GLNabc
BSU25580,comEB,2,"CMPDAi, DCMPDA"
BSU03600,tcyB,1,GLNabc
BSU27440,glnH,1,GLNabc
BSU07570,yflS,4,"FUMt2r, SUCCt2r, AKGt2r, MALt2r"
BSU22090,kdgT,1,DDGLCNt2r
BSU09410,phoA,2,"ALKP, AKP1"
BSU03590,tcyC,1,GLNabc
BSU22110,kdgK,1,DDGLK
BSU15680,gmk,3,"GK2, GK1, DGK1"
BSU12330,yjmD,1,GLTPD
BSU05740,phoB,2,"ALKP, AKP1"
BSU00150,dgk,2,"DGNSK, DINSK"
BSU04560,ddl,1,ALAALAr
BSU13120,proB,1,GLU5K
BSU21870,ilvD,3,"DHAD1, DHAD2, DHAD3"
BSU18470,proJ,1,GLU5K
BSU32000,dhbA,1,DHBD
BSU31930,ald,1,ALAD_L
BSU31980,dhbE,1,DHBS
BSU22960,gudB,1,GLUDxi
BSU22490,dapB,1,DHDPRy
BSU04640,alrA,1,ALAR
BSU16770,dapA,1,DHDPS
BSU31400,yugH,1,ALATA_L
BSU21810,dfrA,2,"DHFR, FOLR2"
BSU28080,folC,1,DHFS
BSU02420,glnT,2,"DALAt2r, ALAt2r"
BSU38490,menA,1,DHNAOT7
BSU18120,alsT,2,"DALAt2r, ALAt2r"
BSU00780,folB,1,DHNPA_1
BSU15540,pyrD,1,DHORDi
BSU27810,yrbD,2,"DALAt2r, ALAt2r"
BSU15530,pyrK,1,DHORDi
BSU09530,yhdN,2,"ALCD19y, ALCD19_L"
BSU15500,pyrC,1,DHORTS
BSU00770,folP,1,FOLD3
BSU39780,iolS,2,"ALCD19y, ALCD19_L"
BSU23080,aroC,1,DHQTi
BSU22700,aroB,1,DHQS
BSU26970,adhB,1,ALCD2y
BSU12940,dppC,15,"DIPEPabc8, DIPEPabc12, DIPEPabc3, DIPEPabc6, DIPEPabc1, DIPEPabc9, DIPEPabc2, DIPEPabc4, DIPEPabc14, DIPEPabc11, DIPEPabc15, DIPEPabc10, DIPEPabc5, DIPEPabc13, DIPEPabc7"
BSU27010,adhA,1,ALCD2y
BSU12950,dppD,15,"DIPEPabc8, DIPEPabc12, DIPEPabc3, DIPEPabc6, DIPEPabc1, DIPEPabc9, DIPEPabc2, DIPEPabc4, DIPEPabc14, DIPEPabc11, DIPEPabc15, DIPEPabc10, DIPEPabc5, DIPEPabc13, DIPEPabc7"
BSU32410,pucH,1,ALLTN
BSU12960,dppE,15,"DIPEPabc8, DIPEPabc12, DIPEPabc3, DIPEPabc6, DIPEPabc1, DIPEPabc9, DIPEPabc2, DIPEPabc4, DIPEPabc14, DIPEPabc11, DIPEPabc15, DIPEPabc10, DIPEPabc5, DIPEPabc13, DIPEPabc7"
BSU12930,dppB,15,"DIPEPabc8, DIPEPabc12, DIPEPabc3, DIPEPabc6, DIPEPabc1, DIPEPabc9, DIPEPabc2, DIPEPabc4, DIPEPabc14, DIPEPabc11, DIPEPabc15, DIPEPabc10, DIPEPabc5, DIPEPabc13, DIPEPabc7"
BSU12390,uxaA,1,ALTRH
BSU22130,kduI,1,DKI
BSU22140,kduD,1,DKII
BSU01530,cwlD,1,AMAA
BSU13620,mtnD,2,"DKMD3M, DKMD2K"
BSU13590,mtnW,1,DM1PE
BSU25900,cwlA,1,AMAA
BSU24280,ispA,2,"GRTT, DMATT"
BSU25160,ispH,2,"DMPPS, IPDPS"
BSU35620,lytC,1,AMAA
BSU29060,coaE,1,DPCOAK
BSU25710,cwlH,1,AMAA
BSU15110,panE,1,DPR
BSU17410,cwlC,1,AMAA
BSU35920,rbsK,2,"RBK, DRBK"
BSU30230,bioK,1,AMAOTr
BSU37790,rocG,1,GLUDxi
BSU35940,rbsA,3,"RIBabc1, RIBabc, DRIBabc"
BSU22750,menH,1,AMMQT7
BSU35960,rbsB,3,"RIBabc1, RIBabc, DRIBabc"
BSU22670,trpD,1,ANPRT
BSU35950,rbsC,3,"RIBabc1, RIBabc, DRIBabc"
BSU22680,trpE,1,ANS
BSU35930,rbsD,3,"RIBabc1, RIBabc, DRIBabc"
BSU14830,glsB,1,GLUN
BSU39420,deoC,1,DRPA
BSU02430,glsA,1,GLUN
BSU00280,tmk,2,"DTMPK, URIDK2r_copy2"
BSU06490,purF,1,GLUPRT
BSU25790,arsB,3,"ANTIMt1, ARSt1, ARSNAt1"
BSU30220,bioF,1,AOXSr
BSU37060,tdk,2,"TMDK1, DURIK1"
BSU14180,dapH,1,APATi
BSU26810,yrpC,1,GLUR
BSU39400,pdp,4,"DURIPP, TMDPP, PYNP2r, PYNP1"
BSU17660,yncF,1,DUTPDP
BSU28390,racE,1,GLUR
BSU18450,gltA,1,GLUSy
BSU23280,ribD,2,"APRAUR, DHPPDA"
BSU15570,cysH,2,"PAPSR, APSR"
BSU20020,yosS,1,DUTPDP
BSU14000,dapX,1,APTA1i
BSU18440,gltB,1,GLUSy
BSU16550,dxr,1,DXPRIi
BSU28170,hemA,1,GLUTRR
BSU24270,dxs,1,DXPS
BSU33400,yvgN,1,ARABRr
BSU18220,yngF,9,"ECOAH2, ECOAH9ir, ECOAH6, ECOAH2c, ECOAH3, ECOAH4, ECOAH5_1, ECOAH1_1, ECOAH7"
BSU29050,ytbE,1,ARABRr
BSU00920,gltX,1,GLUTRS
BSU02340,gltP,1,GLUt2r
BSU28540,fadB,9,"ECOAH2, ECOAH9ir, ECOAH6, ECOAH2c, ECOAH3, ECOAH4, ECOAH5_1, ECOAH1_1, ECOAH7"
BSU28800,araA,1,ARAI
BSU22100,kdgA,1,EDA
BSU39270,bglP,2,"SALCpts, ARBTpts"
BSU10220,gltT,2,"GLUt4, GLUt2r"
BSU33900,eno,1,ENO
BSU39450,yxeR,1,ETHAt6
BSU09130,tcyP,1,GLUt4
BSU28740,araP,1,ARBabc
BSU28750,araN,1,ARBabc
BSU14390,fruK,1,FRUK
BSU28730,araQ,1,ARBabc
BSU04340,ydaP,1,GLXCBL
BSU18250,yngI,14,"FACOAL171_ISO, FACOAL171_anteiso, FACOAL150_ISO, FACOAL150_anteiso, FACOAL160_ISO, FACOAL161_ISO, FACOAL170_ISO, FACOAL170_anteiso, FACOAL160, FACOAL140_ISO, FACOAL140, FACOAL180_2, FACOAL181, FACOAL161"
BSU02140,glpT,1,GLY3Pt2
BSU33960,araE,3,"ARBt2r, XYLt2, GALt2"
BSU10270,lcfB,14,"FACOAL171_ISO, FACOAL171_anteiso, FACOAL150_ISO, FACOAL150_anteiso, FACOAL160_ISO, FACOAL161_ISO, FACOAL170_ISO, FACOAL170_anteiso, FACOAL160, FACOAL140_ISO, FACOAL140, FACOAL180_2, FACOAL181, FACOAL161"
BSU14630,speA,1,ARGDC
BSU28560,lcfA,14,"FACOAL171_ISO, FACOAL171_anteiso, FACOAL150_ISO, FACOAL150_anteiso, FACOAL160_ISO, FACOAL161_ISO, FACOAL170_ISO, FACOAL170_anteiso, FACOAL160, FACOAL140_ISO, FACOAL140, FACOAL180_2, FACOAL181, FACOAL161"
BSU17000,kbl,1,GLYAT
BSU10360,yhfT,14,"FACOAL171_ISO, FACOAL171_anteiso, FACOAL150_ISO, FACOAL150_anteiso, FACOAL160_ISO, FACOAL161_ISO, FACOAL170_ISO, FACOAL170_anteiso, FACOAL160, FACOAL140_ISO, FACOAL140, FACOAL180_2, FACOAL181, FACOAL161"
BSU40040,glxK,1,GLYCK
BSU40320,argI,1,ARGN_1
BSU37120,fbaA,2,"FBA, FBA2"
BSU34190,yvfH,2,"GLYCLTt2r, L_LACt2r"
BSU39670,iolJ,3,"FBA, INSCR, FBA2"
BSU03060,lctP,2,"GLYCLTt2r, L_LACt2r"
BSU29440,argH,1,ARGSL
BSU29450,argG,1,ARGSS
BSU40190,fbp,1,FBP
BSU23960,artR,1,ARGabc
BSU28680,glcD,1,GLYCTO1
BSU10130,hemH,1,FCLT_2
BSU09280,glpF,1,GLYCt
BSU23970,artQ,1,ARGabc
BSU23980,artP,1,ARGabc
BSU12160,yjgC,1,FDH
BSU33330,lysP,2,"ARGt2r, ORNt2"
BSU40330,rocE,1,ARGt2r
BSU09290,glpK,1,GLYK
BSU32130,guaC,1,GMPR
BSU36710,fdhD,1,FDH
BSU18570,yoaE,1,FDH
BSU06360,guaA,1,GMPS2
BSU40060,gntK,1,GNKr
BSU02130,glpQA,3,"GPDDA4, GPDDA1, GPDDA2"
BSU37760,rocC,1,ARGt2r
BSU27220,yrhE,1,FDH
BSU08860,ssuD,7,"FDMO4_1, FDMO3_1, FDMO2_1, FDMO5_1, FDMO_1, FDMO6_1, FDMO1"
BSU33800,opuCD,9,"CTBTabc, CHLabc, PROLBabc, GLYBabc, CHOLSabc_1, CRNabc, GBBTNabc, ARSENBabc, ECTOINEabc"
BSU21900,bsaA,1,GTHPe
BSU22780,folEA,1,GTPCI
BSU01620,feuB,1,FE2abc
BSU27600,rsh,1,GTPDPK
BSU13170,guaD,1,GUAD
BSU33830,opuCA,9,"CTBTabc, CHLabc, PROLBabc, GLYBabc, CHOLSabc_1, CRNabc, GBBTNabc, ARSENBabc, ECTOINEabc"
BSU01610,feuC,1,FE2abc
BSU01630,feuA,1,FE2abc
BSU38280,efeU,1,FE3t
BSU03000,opuAC,3,"PROLBabc, GLYBabc, ARSENBabc"
BSU02990,opuAB,3,"PROLBabc, GLYBabc, ARSENBabc"
BSU33820,opuCB,9,"CTBTabc, CHLabc, PROLBabc, GLYBabc, CHOLSabc_1, CRNabc, GBBTNabc, ARSENBabc, ECTOINEabc"
BSU00680,hprT,2,"GUAPRT, HXPRT"
BSU06370,pbuG,2,"HXANt2r, GUAt2r"
BSU38260,efeN,1,FE3t
BSU33810,opuCC,9,"CTBTabc, CHLabc, PROLBabc, GLYBabc, CHOLSabc_1, CRNabc, GBBTNabc, ARSENBabc, ECTOINEabc"
BSU38270,efeM,1,FE3t
BSU02980,opuAA,3,"PROLBabc, GLYBabc, ARSENBabc"
BSU29990,pbuO,2,"HXANt2r, GUAt2r"
BSU08450,yfiZ,1,FEDCabc
BSU12300,uxaC,2,"GUI1, GUI2"
BSU32840,fadN,9,"HACD7, HACD2, HACD4, HACD3, HACD1_1, HACD6, HACOADr, HACD5, HACD9"
BSU30070,opuD,2,"ARSENBt2, GLYBt2r"
BSU08460,yfhA,1,FEDCabc
BSU08440,yfiY,1,FEDCabc
BSU05340,ydfA,1,ARSt1
BSU24160,mmgB,1,HACD1_1
BSU14870,ctaA,1,HEMEAS
BSU33320,fhuD,1,FERRICHabc
BSU14880,ctaB,1,HEMEOS_1
BSU36030,ywrK,1,ARSt1
BSU03800,yclN,1,FERRICHabc
BSU16750,asd,1,ASAD
BSU23580,ansA,1,ASNN
BSU07500,yfmE,1,FERRICHabc
BSU39920,asnH,1,ASNS1
BSU12080,ctaO,1,HEMEOS_1
BSU38300,thiM,1,HETZK
BSU33290,fhuC,2,"FERXAabc, FERRICHabc"
BSU24850,glcK,1,HEX1
BSU10790,asnO,1,ASNS1
BSU03810,yclO,1,FERRICHabc
BSU22740,hepT,1,HEXTT
BSU07510,yfmD,1,FERRICHabc
BSU22760,hepS,1,HEXTT
BSU33510,copZ,1,HGt
BSU30540,asnB,1,ASNS1
BSU03820,yclP,1,FERRICHabc
BSU22410,panD,1,ASP1DC
BSU03830,yclQ,1,FERRICHabc
BSU07520,yfmC,1,FERRICHabc
BSU07990,yfjR,1,HIBD
BSU33300,fhuG,2,"FERXAabc, FERRICHabc"
BSU39350,hutH,1,HISDr
BSU15490,pyrB,1,ASPCT
BSU03790,yclM,1,ASPK
BSU31610,mrpB,2,"Kt3r, NAt3_1"
BSU28470,lysC,1,ASPK
BSU16760,dapG,1,ASPK
BSU34910,hisD,1,HISTD
BSU31650,mrpF,2,"Kt3r, NAt3_1"
BSU29620,hisJ,1,HISTP
BSU31322,yugO,1,Kt1
BSU39390,hutM,1,HISt2r
BSU27870,nadB,2,"ASPO6, ASPO1"
BSU28510,xsa,2,"LAAF, XYL14BASE"
BSU02400,ybgF,1,HISt2r
BSU28720,abfA,1,LAAF
BSU37710,bacD,42,"LAAL13, LAAL39, LAAL28, LAAL22, LAAL35, LAAL19, LAAL26, LAAL10, LAAL14, LAAL25, LAAL36, LAAL24, LAAL16, LAAL15, LAAL41, LAAL5, LAAL2, LAAL27, LAAL3, LAAL37, LAAL1, LAAL23, LAAL7, LAAL6, LAAL42, LAAL34, LAAL20, LAAL12, LAAL38, LAAL9, LAAL31, LAAL11, LAAL32, LAAL40, LAAL4, LAAL29, LAAL30, LAAL18, LAAL33, LAAL8, LAAL17, LAAL21"
BSU13600,mtnX,1,HKM1PP
BSU28150,hemC,1,HMBS
BSU23570,ansB,1,ASPT
BSU22370,aspB,1,ASPTA
BSU34130,ganA,1,LACZ
BSU34920,hisG,1,ATPPRT
BSU36810,atpD,1,ATPS4r
BSU17150,pksG,1,HMGCOAS
BSU06980,rhgP,1,LCTSabc
BSU18230,yngG,1,HMGL
BSU36840,atpH,1,ATPS4r
BSU06970,yesO,1,LCTSabc
BSU38020,pdxK,2,"PMPK, HMPK1"
BSU06990,rhgQ,1,LCTSabc
BSU11710,thiD,2,"PMPK, HMPK1"
BSU03050,ldh,2,"LDH_L, LDH2"
BSU38500,dltA,2,"LIPO3S24_BS, TECA2S45"
BSU13960,ykwC,1,HOXPRx
BSU38530,dltD,2,"LIPO3S24_BS, TECA2S45"
BSU37780,rocA,2,"P5CD, HP5CD_1"
BSU38510,dltB,2,"LIPO3S24_BS, TECA2S45"
BSU38520,dltC,2,"LIPO3S24_BS, TECA2S45"
BSU19690,kamA,1,LYSAM
BSU00790,folK,1,HPPK
BSU00270,yaaO,1,LYSDC
BSU32260,hom,1,HSDy
BG12900,BG12900,1,LYSLG_BS
BSU32240,thrB,1,HSK
BSU21910,metA,1,HSST
BSU22600,aroA,1,PSCVT
BSU02290,psd,1,PSDC_BS
BSU10870,yisU,1,LYSt3r
BSU10020,serC,1,PSERT
BSU22620,hisC,3,"TYRTA, PHETA1, HSTPTr"
BSU34890,hisH,3,"TYRTA, PHETA1, HSTPTr"
BSU03990,mtlD,1,M1PD
BSU08180,malA,1,MAL6PG
BSU35780,lytD,1,HXAD
BSU04740,rsbX,2,"PSP_L, PSP_D"
BSU34560,mdxL,9,"MLTG2, MALT, MLTG6, MLTG4, MLTG1, MLTG5, SUCR, MLTG3, MLTG7"
BSU40850,maa,1,MALTATr
BSU13730,queD,1,PTHPS
BSU29130,icd,1,ICDHyr
BSU31990,dhbC,1,ICHORS
BSU34140,ganQ,1,MALTabc
BSU15020,coaD,1,PTPATi
BSU34610,mdxE,1,MALTabc
BSU30830,menF,1,ICHORS
BSU31970,dhbB,1,ICHORT
BSU34150,ganP,1,MALTabc
BSU23490,pupG,9,"PUNP2, PNP, PUNP4, PUNP7, PUNP1, PUNP3, PUNP6, PUNP8, PUNP5"
BSU30280,amyD,1,MALTabc
BSU19630,deoD,9,"PUNP2, PNP, PUNP4, PUNP7, PUNP1, PUNP3, PUNP6, PUNP8, PUNP5"
BSU03070,mdr,1,PURabc1
BSU34870,hisF,1,IG3PS_1
BSU34900,hisB,1,IGPDH_1
BSU34590,mdxG,1,MALTabc
BSU29180,pyk,1,PYK
BSU34600,mdxF,1,MALTabc
BSU22660,trpC,1,IGPS
BSU34160,cycB,1,MALTabc
BSU24080,bcd,3,"ILEDHr, LLEUDr, VALDHr"
BSU30290,amyC,1,MALTabc
BSU00110,pdxS,1,PYRIS
BSU38550,ilvK,3,"LEUTA, VALTA, ILETA"
BSU30270,msmE,1,MALTabc
BSU02390,ilvE,3,"LEUTA, VALTA, ILETA"
BSU08200,malP,1,MALTpts
BSU29600,braB,3,"ILEt2r, VALt2r, LEUt2r"
BSU00120,pdxT,1,PYRIS
BSU23560,mleN,1,MALt10
BSU31580,maeN,1,MALt4
BSU35790,yvyI,1,MAN6PI
BSU39980,qodI,1,Q23DO
BSU26700,azlD,3,"ILEt2r, VALt2r, LEUt2r"
BSU12020,manA,1,MAN6PI
BSU26690,brnQ,3,"ILEt2r, VALt2r, LEUt2r"
BSU26710,azlC,3,"ILEt2r, VALt2r, LEUt2r"
BSU27850,nadA,1,QULNS
BSU12010,manP,1,MANpts
BSU00090,guaB,1,IMPD
BSU24130,mmgE,1,MCA
BSU39700,iolG,1,INS2D
BSU29300,rbfK,1,RBFK
BSU24140,mmgD,1,MCITS
BSU23270,ribE,2,"RBFSb, RBFSa"
BSU00180,tadA,1,MCSNAH
BSU39720,iolE,1,INSCR
BSU23250,ribH,2,"RBFSb, RBFSa"
BSU29120,mdh,1,MDH
BSU28790,araB,2,"RBK_Dr, RBK_L1"
BSU39750,iolB,1,INSCR
BSU13610,mtnB,1,MDRPD
BSU39730,iolD,1,INSCR
BSU28780,araD,1,RBP4E
BSU04000,ycsA,4,"TARTRDH, TARTDC, TARTRDH2, MALDDH"
BSU39740,iolC,1,INSCR
BSU29220,ytsJ,1,ME2
BSU06230,iolT,1,INSTt2
BSU39710,iolF,1,INSTt2
BSU31180,rhaA,1,RMI
BSU25070,ispG,1,MECDPDH2
BSU31200,rhaB,1,RMK
BSU22870,fni,1,IPDDI
BSU00910,ispF,1,MECDPS
BSU16530,uppS,1,IPDPUPT
BSU17370,nrdI,4,"RNDR4, RNDR1, RNDR2, RNDR3"
BSU00900,ispD,1,MEPCT
BSU17390,nrdF,4,"RNDR4, RNDR1, RNDR2, RNDR3"
BSU28270,leuB,1,IPMD
BSU30550,metK,1,METAT
BSU28260,leuC,2,"IPPMIa, IPPMIb"
BSU17380,nrdE,4,"RNDR4, RNDR1, RNDR2, RNDR3"
BSU29380,tcyJ,4,"METSabc, METabc, METSRabc, METDabc"
BSU28250,leuD,2,"IPPMIa, IPPMIb"
BSU29350,tcyM,4,"METSabc, METabc, METSRabc, METDabc"
BSU28280,leuA,1,IPPS
BSU39370,hutI,1,IZPN_1
BSU15790,rpe,1,RPE
BSU29360,tcyL,4,"METSabc, METabc, METSRabc, METDabc"
BSU36920,ywlF,1,RPI
BSU28290,ilvC,2,"KARA2, KARA1"
BSU29340,tcyN,4,"METSabc, METabc, METSRabc, METDabc"
BSU15590,sat,1,SADT
BSU04030,ycsD,14,"KAS6, KAS2, KAS3, KAS1, KAS5, KAS7, KAS9, KAS8, KAS10, KAS12, KAS17, KAS11, KAS13, KAS4"
BSU32730,metQ,4,"METSabc, METabc, METSRabc, METDabc"
BSU29370,tcyK,4,"METSabc, METabc, METSRabc, METDabc"
BSU36370,fabZ,14,"KAS6, KAS2, KAS3, KAS1, KAS5, KAS7, KAS9, KAS8, KAS10, KAS12, KAS17, KAS11, KAS13, KAS4"
BSU06150,gutB,1,SBTD_D2
BSU32740,metP,4,"METSabc, METabc, METSRabc, METDabc"
BSU06160,gutP,1,SBTt2
BSU11720,fabI,14,"KAS6, KAS2, KAS3, KAS1, KAS5, KAS7, KAS9, KAS8, KAS10, KAS12, KAS17, KAS11, KAS13, KAS4"
BSU32750,metN,4,"METSabc, METabc, METSRabc, METDabc"
BSU13180,metE,1,METS
BSU21680,msrB,2,"METSR_R2, METSR_R1"
BSU15910,fabG,14,"KAS6, KAS2, KAS3, KAS1, KAS5, KAS7, KAS9, KAS8, KAS10, KAS12, KAS17, KAS11, KAS13, KAS4"
BSU19710,yodQ,1,SDPDS
BSU21690,msrA,2,"METSR_S2, METSR_S1"
BSU00930,cysE,1,SERAT
BSU00380,metS,1,METTRS
BSU23770,dsdA,1,SERD_D
BSU10170,fabHB,14,"KAS6, KAS2, KAS3, KAS1, KAS5, KAS7, KAS9, KAS8, KAS10, KAS12, KAS17, KAS11, KAS13, KAS4"
BSU22480,mgsA,1,MGSA
BSU08650,fabL,14,"KAS6, KAS2, KAS3, KAS1, KAS5, KAS7, KAS9, KAS8, KAS10, KAS12, KAS17, KAS11, KAS13, KAS4"
BSU08000,yfjQ,1,MGt5
BSU15860,sdaAA,1,SERD_L
BSU13300,mgtE,1,MGt5
BSU15850,sdaAB,1,SERD_L
BSU11330,fabHA,12,"KAS6, KAS2, KAS3, KAS1, KAS5, KAS7, KAS9, KAS10, KAS17, KAS11, KAS13, KAS4"
BSU15900,fabD,14,"KAS6, KAS2, KAS3, KAS1, KAS5, KAS7, KAS9, KAS8, KAS10, KAS12, KAS17, KAS11, KAS13, KAS4"
BSU24740,yqxL,1,MGt5
BSU15630,sirC,1,SHCHD2_1
BSU15620,sirB,1,SHCHF_2
BSU11340,fabF,14,"KAS6, KAS2, KAS3, KAS1, KAS5, KAS7, KAS9, KAS8, KAS10, KAS12, KAS17, KAS11, KAS13, KAS4"
BSU14670,suhB,1,MI1PP
BSU24120,mmgF,1,MCITL2
BSU13500,ktrD,1,Kt2r
BSU25660,aroD,1,SHK3Dr
BSU39760,mmsA,4,"MMSAD2, MMSAD1, MMSAD3, MMSDHir"
BSU31100,ktrB,1,Kt2r
BSU03981,mtlA,1,MNLpts
BSU03150,aroK,1,SHKK
BSU12340,uxuA,1,MNNH
BSU11870,metI,5,"SHSL2, SHSL4r, SLCYSS, SHSL1, SHSL3"
BSU31090,ktrA,1,Kt2r
BSU30760,mntB,1,MNabc
BSU14510,ktrC,1,Kt2r
BSU30770,mntA,1,MNabc
BSU26640,yrdP,1,Kt2r
BSU34660,yvdB,1,SO4t2
BSU30740,mntD,1,MNabc
BSU15580,cysP,1,SO4t2
BSU31620,mrpC,2,"Kt3r, NAt3_1"
BSU31600,mrpA,2,"Kt3r, NAt3_1"
BSU30750,mntC,1,MNabc
BSU31660,mrpG,2,"Kt3r, NAt3_1"
BSU01580,ybaR,1,SO4t2
BSU04360,mntH,1,MNt2
BSU31630,mrpD,2,"Kt3r, NAt3_1"
BSU33390,yvgM,1,MOBDabc
BSU25020,sodA,1,SPODM
BSU33370,yvgK,1,MOBDabc
BSU26600,bltD,2,"SPMDAT3, SPMDAT1"
BSU33380,yvgL,1,MOBDabc
BSU22430,panB,1,MOHMT
BSU26590,blt,1,SPMDt3i
BSU34570,mdxK,1,MPL
BSU24310,folD,2,"MTHFD, MTHFC"
BSU37500,speE,2,"SPRMS, SPMS"
BSU11010,samT,1,MTHFR3
BSU03910,gabD,1,SSALy
BSU13550,mtnA,1,MTRI
BSU30790,menE,1,SUCBZL
BSU30780,menC,1,SUCBZS
BSU13560,mtnK,1,MTRK
BSU28430,sdhB,2,"SUCD5_BS, SUCD1"
BSU32100,yumB,1,NADH4
BSU28440,sdhA,2,"SUCD5_BS, SUCD1"
BSU28450,sdhC,2,"SUCD5_BS, SUCD1"
BSU12290,ndh,1,NADH4
BSU16090,sucC,1,SUCOAS
BSU32200,yutJ,1,NADH4
BSU16100,sucD,1,SUCOAS
BSU11610,ppnKA,6,"NADK1, NADK3, NADK4, NADK, NADK5, NADK2"
BSU03130,nadE,1,NADS1
BSU38050,sacP,1,SUCpts
BSU02750,natA,1,NAabcO
BSU01680,ybbF,1,SUCpts
BSU02760,natB,1,NAabcO
BSU09850,yhaU,1,NAt3_1
BSU31640,mrpE,1,NAt3_1
BSU33430,cysI,1,SULR_1
BSU09680,nhaC,1,NAt3_1
BSU33440,cysJ,1,SULR_1
BSU12380,uxaB,1,TAGURr
BSU33420,nhaK,1,NAt3_1
BSU37110,ywjH,1,TALA
BSU11640,yjbQ,1,NAt3_1
BSU31750,pncB,1,NAPRT
BSU35710,tagG,3,"TECA1S45, TECA3S45, TECA2S45"
BSU35760,tagB,3,"TECA1S45, TECA3S45, TECA2S45"
BSU22730,ndk,9,"NDPK1, NDPK8, NDPK2, NDPK5, NDPK6, NDPK3, NDPK4, NDPK9, NDPK7"
BSU35720,tagF,3,"TECA1S45, TECA3S45, TECA2S45"
BSU36510,amtB,1,NH4t
BSU35700,tagH,3,"TECA1S45, TECA3S45, TECA2S45"
BSU25640,nadD,2,"NNATr, NMNAT"
BSU31760,pncA,1,NNAM
BSU27860,nadC,1,NNDPR
BSU35530,tagO,3,"TECA1S45, TECA3S45, TECA2S45"
BSU38060,ywcJ,2,"NO2t2r, NO2t3"
BSU35750,tagA,3,"TECA1S45, TECA3S45, TECA2S45"
BSU35730,tagE,1,TECA3S45
BSU37320,narK,1,NO2t3
BSU35690,ggaA,1,TECA4S_BS
BSU03330,nasA,1,NO3t2
BSU35680,ggaB,1,TECA4S_BS
BSU30800,menB,1,NPHS
BSU35590,tuaC,1,TEICH45
BSU03320,nasB,1,NTR3B
BSU35600,tuaB,1,TEICH45
BSU03310,nasC,1,NTR3B
BSU37280,narG,1,NTR3B
BSU35570,tuaE,1,TEICH45
BSU37260,narJ,1,NTR3B
BSU35550,tuaG,1,TEICH45
BSU37270,narH,1,NTR3B
BSU35540,tuaH,1,TEICH45
BSU03290,nasE,1,NTRIR2x
BSU35609,tuaA,1,TEICH45
BSU03300,nasD,1,NTRIR2x
BSU16990,tdh,1,THRD
BSU11250,argF,1,OCBT_1
BSU38990,atoA,1,OCOAT1
BSU21770,ilvA,1,THRD_L
BSU38980,atoB,1,OCOAT1
BSU32250,thrC,1,THRS
BSU24030,bkdB,3,"OIVD2, OIVD3, OIVD1r"
BSU17890,tkt,2,"TKT1, TKT2"
BSU21820,thyB,1,TMDS
BSU24060,lpdV,3,"OIVD2, OIVD3, OIVD1r"
BSU24050,bkdAA,3,"OIVD2, OIVD3, OIVD1r"
BSU17680,thyA,1,TMDS
BSU24040,bkdAB,3,"OIVD2, OIVD3, OIVD1r"
BSU15550,pyrF,1,OMPDC
BSU11650,tenA,1,TMN
BSU40340,rocD,1,ORNTA_1
BSU15560,pyrE,1,ORPT
BSU05900,thiL,1,TMPK
BSU33240,oxdC,1,OXADC
BSU18670,yoaN,1,OXADC
BSU38290,thiE,1,TMPPP
BSU33920,tpiA,1,TPI
BSU23800,proI,1,P5CR
BSU18480,proH,1,P5CR
BSU12910,proG,1,P5CR
BSU03270,ycgT,1,TRDR
BSU22420,panC,1,PANTS
BSU15190,mraY,1,PAPPT3
BSU34790,trxB,1,TRDR
BSU24090,ptb,1,PBUTT
BSU32110,yumC,1,TRDR
BSU37660,pta,3,"PTAr, PTA2, PBUTT"
BSU07810,treA,1,TRE6PH
BSU07800,treP,1,TREpts
BSU22640,trpB,1,TRPS1
BSU14860,pycA,1,PC
BSU22630,trpA,1,TRPS1
BSU14590,pdhB,1,PDH
BSU14580,pdhA,1,PDH
BSU10010,trpP,1,TRPt2r
BSU14600,pdhC,1,PDH
BSU15180,murE,1,UAAGDS
BSU35660,mnaA,2,"UAG2EMA, UAG2E"
BSU39540,yxeI,1,PENCAC
BSU38860,galE,2,"UDPG4E, UAG4E"
BSU29190,pfkA,2,"PFK_2, PFK"
BSU30870,ytcB,1,UAG4E
BSU01770,glmM,2,"PGAMT, PGMT"
BSU37100,murAB,1,UAGCVT
BSU23070,serA,1,PGCD
BSU23860,gndA,1,GND
BSU36760,murAA,1,UAGCVT
BSU33930,pgk,1,PGK
BSU09240,glpW,1,PGLYCP
BSU15220,murG,1,UAGPT3
BSU15200,murD,1,UAMAGS
BSU33910,pgm,1,PGM
BSU16540,cdsA,1,PHCYT_BS
BSU29790,murC,1,UAMAS
BSU19800,phy,1,PHYT3
BSU15230,murB,1,UAPGR
BSU31150,uppP,1,UDCPDP
BSU24960,pstBA,1,PIabc
BSU35580,tuaD,1,UDPGD
BSU04570,murF,1,UGMDDS
BSU24990,pstS,1,PIabc
BSU21920,ugtP,3,"UGT1_BS, UGT2_BS, UGT_BS"
BSU24950,pstBB,1,PIabc
BSU24970,pstA,1,PIabc
BSU13580,mtnE,1,UNK5
BSU24980,pstC,1,PIabc
BSU15610,sumT,1,UPP3MT_2
BSU12840,pit,1,PIt2r
BSU03280,nasF,1,UPP3MT_2
BSU28140,hemD,1,UPP3S
BSU25420,yqeW,1,PIt7
BSU10120,hemE,1,UPPDC1
BSU36890,upp,1,UPPRT
BSU09310,pgcA,1,PMANM
BSU03010,amhX,1,PNTEH
BSU23760,coaA,2,"PNTK, APNPT"
BSU36470,pucI,1,URAt2
BSU38240,ywcA,1,PNTOt2
BSU15480,pyrP,1,URAt2
BSU40550,ppaC,1,PPA
BSU39360,hutU,1,URCN
BSU36650,ureB,1,UREA
BSU28130,hemB,1,PPBNGS
BSU36660,ureA,1,UREA
BSU15700,coaBC,2,"PPCDC, PPNCL"
BSU36640,ureC,1,UREA
BSU30560,pckA,1,PPCK
BSU23920,yqjD,1,PPCOAC
BSU18210,yngE,1,PPCOAC
BSU32460,pucM,1,URIC
BSU32450,pucL,1,URIC
BSU23500,drm,2,"PPM2, PPM"
BSU22610,tyrA,1,PPND
BSU27900,pheA,1,PPNDH
BSU16510,pyrH,2,"URIDK2r_copy1, UMPK"
BSU10140,hemY,1,PPPGO
BSU18830,pps,1,PPS
BSU32510,pucA,2,"HXAND, XAND"
BSU06530,purD,1,PRAGSr
BSU32480,pucD,2,"HXAND, XAND"
BSU32470,pucE,2,"HXAND, XAND"
BSU22650,trpF,1,PRAIi
BSU32490,pucC,2,"HXAND, XAND"
BSU06500,purM,1,PRAIS_1
BSU32500,pucB,2,"HXAND, XAND"
BSU34860,hisI,2,"PRAMPC_1, PRATPP"
BSU06450,purC,1,PRASCSi
BSU22060,pbuX,1,XANt2
BSU06470,purQ,1,PRFGS_1
BSU22070,xpt,1,XPPT
BSU06480,purL,1,PRFGS_1
BSU06460,purS,1,PRFGS_1
BSU32440,pucK,1,URATEt_1
BSU17600,xylA,2,"XYLI1, XYLI2"
BSU32430,pucJ,1,URATEt_1
BSU17610,xylB,1,XYLK
BSU34880,hisA,1,PRMICI
BSU03200,putB,1,PRO1x
BSU02850,znuA,1,ZNabc
BSU06660,opuE,1,PROt2r
BSU02870,znuB,1,ZNabc
BSU02860,znuC,1,ZNabc
BSU30530,ytnA,1,PROt2r
BSU19580,yodF,1,PROt2r
BSU03220,putP,1,PROt2r
BSU00510,prs,1,PRPPS
